{"cameraMode":{"drawMode":0,"name":"Shaded","section":"Shading Mode"},"sceneLighting":true,"audioPlay":false,"sceneViewState":{"showFog":true,"showMaterialUpdate":false,"showSkybox":false,"showFlares":true,"showImageEffects":true,"showParticleSystems":true},"in2DMode":false,"pivot":{"x":35.06999969482422,"y":3.330000162124634,"z":0.3996627926826477},"rotation":{"x":0.040397580713033679,"y":-0.007117817644029856,"z":0.0003753680794034153,"w":0.9993235468864441},"size":5.472431182861328,"orthographic":true}